rel_path,ext,doi,isbn,converted_md,ocr_text
Review/Unreadable/1996 - journal_article.pdf - 1996 - journal_article.pdf.pdf - 1996 - journal_article.pdf - 1996 - journal_article.pdf.pdf.pdf,.pdf,10.3983/twc.2023.2200,,converted_ocr/Review/Unreadable/1996 - journal_article.pdf - 1996 - journal_article.pdf.pdf - 1996 - journal_article.pdf - 1996 - journal_article.pdf.pdf.pdf.md,
Review/Unreadable/1998 - journal_article.docx - 1998 - journal_article.docx.docx - 1998 - journal_article.docx - 1998 - journal_article.docx.docx.docx,.docx,,9780203490198;9780415947022,converted_ocr/Review/Unreadable/1998 - journal_article.docx - 1998 - journal_article.docx.docx - 1998 - journal_article.docx - 1998 - journal_article.docx.docx.docx.md,
Review/Unreadable/1998 - journal_article_1.docx - 1998 - journal_article_1.docx.docx - 1998 - journal_article_1.docx - 1998 - journal_article_1.docx.docx.docx,.docx,,9780203490198;9780415947022,converted_ocr/Review/Unreadable/1998 - journal_article_1.docx - 1998 - journal_article_1.docx.docx - 1998 - journal_article_1.docx - 1998 - journal_article_1.docx.docx.docx.md,
Review/Unreadable/1999 - Paganisme(s) queer.pdf - 1999 - Paganisme(s) queer.pdf.pdf - 1999 - Paganisme(s) queer.pdf - 1999 - Paganisme(s) queer.pdf.pdf.pdf,.pdf,10.1558/pome.v15i1-2.79,,converted_ocr/Review/Unreadable/1999 - Paganisme(s) queer.pdf - 1999 - Paganisme(s) queer.pdf.pdf - 1999 - Paganisme(s) queer.pdf - 1999 - Paganisme(s) queer.pdf.pdf.pdf.md,
Review/Unreadable/2004 - TRUE.pdf - 2004 - TRUE.pdf.pdf - 2004 - TRUE.pdf - 2004 - TRUE.pdf.pdf.pdf,.pdf,10.3917/rdm.023.0133,,converted_ocr/Review/Unreadable/2004 - TRUE.pdf - 2004 - TRUE.pdf.pdf - 2004 - TRUE.pdf - 2004 - TRUE.pdf.pdf.pdf.md,
Review/Unreadable/2005 - journal_article.pdf - 2005 - journal_article.pdf.pdf - 2005 - journal_article.pdf - 2005 - journal_article.pdf.pdf.pdf,.pdf,10.1017/S0020818305050010,,converted_ocr/Review/Unreadable/2005 - journal_article.pdf - 2005 - journal_article.pdf.pdf - 2005 - journal_article.pdf - 2005 - journal_article.pdf.pdf.pdf.md,
Review/Unreadable/2006 - The Meanings of Magic.pdf - 2006 - The Meanings of Magic.pdf.pdf - 2006 - The Meanings of Magic.pdf - 2006 - The Meanings of Magic.pdf.pdf.pdf,.pdf,10.1353/mrw.0.0052,,converted_ocr/Review/Unreadable/2006 - The Meanings of Magic.pdf - 2006 - The Meanings of Magic.pdf.pdf - 2006 - The Meanings of Magic.pdf - 2006 - The Meanings of Magic.pdf.pdf.pdf.md,
Review/Unreadable/2007 - Journal of Humanistic Psychology.pdf - 2007 - Journal of Humanistic Psychology.pdf.pdf - 2007 - Journal of Humanistic Psychology.pdf - 2007 - Journal of Humanistic Psychology.pdf.pdf.pdf,.pdf,10.1177/0022167818762916;10.1177/0022167820917484;10.1177/0022167820918691;10.1177/0022167820938612;10.1177/1468794120985676;10.1177/2043610619900518,,converted_ocr/Review/Unreadable/2007 - Journal of Humanistic Psychology.pdf - 2007 - Journal of Humanistic Psychology.pdf.pdf - 2007 - Journal of Humani__7391712da79a.md,
Review/Unreadable/2008 - Journal of the American Academy of Religion.docx - 2008 - Journ - 2008 - Journal of the American Academy of Religion.docx - 2008 - Journal of the American Academy of Religion.docx.docx.docx,.docx,10.1086/588263,,converted_ocr/Review/Unreadable/2008 - Journal of the American Academy of Religion.docx - 2008 - Journ - 2008 - Journal of the American Academy of Relig__4d5bd7f6bbfa.md,
Review/Unreadable/2009 - JourNal of.pdf - 2009 - JourNal of.pdf.pdf - 2009 - JourNal of.pdf - 2009 - JourNal of.pdf.pdf.pdf,.pdf,10.5117/CMS2013.1.KAUN,,converted_ocr/Review/Unreadable/2009 - JourNal of.pdf - 2009 - JourNal of.pdf.pdf - 2009 - JourNal of.pdf - 2009 - JourNal of.pdf.pdf.pdf.md,
Review/Unreadable/2010 - Studies in Religion Sciences Religieuses.pdf - 2010 - Studies i - 2010 - Studies in Religion Sciences Religieuses.pdf - 2010 - Studies in Religion Sciences Religieuses.pdf.pdf.pdf,.pdf,10.1002/9781444301106;10.1080/15299711003609724;10.1093/acprof:oso/978019;10.1093/acprof:oso/9780198;10.1111/j.1749;10.1177/0008429817710971;10.1558/pome;10.1558/pome.v15i1;10.7202/1007804ar,9781444301106,converted_ocr/Review/Unreadable/2010 - Studies in Religion Sciences Religieuses.pdf - 2010 - Studies i - 2010 - Studies in Religion Sciences Religieuses__4c476abacf69.md,
Review/Unreadable/2010 - Studies in Religion Sciences Religieuses_1.pdf - 2010 - Studies - 2010 - Studies in Religion Sciences Religieuses_1.pdf - 2010 - Studies in Religion Sciences Religieuses_1.pdf.pdf.pdf,.pdf,10.1080/15299711003609724;10.1177/0966735005051952;10.1253/mrw.0.0052;10.1558/pome.v12i2.159,,converted_ocr/Review/Unreadable/2010 - Studies in Religion Sciences Religieuses_1.pdf - 2010 - Studies - 2010 - Studies in Religion Sciences Religieuses__463ab036fda6.md,
Review/Unreadable/2012 - book_or_monograph.pdf - 2012 - book_or_monograph.pdf.pdf - 2012 - book_or_monograph.pdf - 2012 - book_or_monograph.pdf.pdf.pdf,.pdf,10.4309/jgi.2005.15.4,,converted_ocr/Review/Unreadable/2012 - book_or_monograph.pdf - 2012 - book_or_monograph.pdf.pdf - 2012 - book_or_monograph.pdf - 2012 - book_or_monograph.pdf.pdf.pdf.md,
Review/Unreadable/2012 - Martin Lepage - Chapter 8.pdf - 2012 - Martin Lepage - Chapter 8.pdf.pdf - 2012 - Martin Lepage - Chapter 8.pdf - 2012 - Martin Lepage - Chapter 8.pdf.pdf.pdf,.pdf,10.6084/m9,,converted_ocr/Review/Unreadable/2012 - Martin Lepage - Chapter 8.pdf - 2012 - Martin Lepage - Chapter 8.pdf.pdf - 2012 - Martin Lepage - Chapter 8.pdf -__d87a2b1716bd.md,
Review/Unreadable/2012 - Martin Lepage - Chapter 8_1.pdf - 2012 - Martin Lepage - Chapter 8_1.pdf.pdf - 2012 - Martin Lepage - Chapter 8_1.pdf - 2012 - Martin Lepage - Chapter 8_1.pdf.pdf.pdf,.pdf,10.6084/m9,,converted_ocr/Review/Unreadable/2012 - Martin Lepage - Chapter 8_1.pdf - 2012 - Martin Lepage - Chapter 8_1.pdf.pdf - 2012 - Martin Lepage - Chapter 8_1__0658c3767221.md,
Review/Unreadable/2013 - 23] ISSN 1528-0268 (print).pdf - 2013 - 23] ISSN 1528-0268 (print).pdf.pdf - 2013 - 23] ISSN 1528-0268 (print).pdf - 2013 - 23] ISSN 1528-0268 (print).pdf.pdf.pdf,.pdf,10.1002/9781444301106;10.1080/15299711003609724;10.1093/acprof:oso/978019;10.1093/acprof:oso/9780198;10.1111/j.1749;10.1558/pome;10.1558/pome.v15i1;10.7202/1007804ar,9781444301106,converted_ocr/Review/Unreadable/2013 - 23] ISSN 1528-0268 (print).pdf - 2013 - 23] ISSN 1528-0268 (print).pdf.pdf - 2013 - 23] ISSN 1528-0268 (print).pd__f0aaa5d37f56.md,
Review/Unreadable/2013 - book_chapter.docx - 2013 - book_chapter.docx.docx - 2013 - book_chapter.docx - 2013 - book_chapter.docx.docx.docx,.docx,10.3983/twc.2023.2200,,converted_ocr/Review/Unreadable/2013 - book_chapter.docx - 2013 - book_chapter.docx.docx - 2013 - book_chapter.docx - 2013 - book_chapter.docx.docx.docx.md,
Review/Unreadable/2013 - book_chapter_2.docx - 2013 - book_chapter_2.docx.docx - 2013 - book_chapter_2.docx - 2013 - book_chapter_2.docx.docx.docx,.docx,10.3983/twc.2023.2200,,converted_ocr/Review/Unreadable/2013 - book_chapter_2.docx - 2013 - book_chapter_2.docx.docx - 2013 - book_chapter_2.docx - 2013 - book_chapter_2.docx.docx.docx.md,
Review/Unreadable/2013 - book_or_monograph.pdf - 2013 - book_or_monograph.pdf.pdf - 2013 - book_or_monograph.pdf - 2013 - book_or_monograph.pdf.pdf.pdf,.pdf,,9780199730018,converted_ocr/Review/Unreadable/2013 - book_or_monograph.pdf - 2013 - book_or_monograph.pdf.pdf - 2013 - book_or_monograph.pdf - 2013 - book_or_monograph.pdf.pdf.pdf.md,
Review/Unreadable/2013 - journal_article.docx - 2013 - journal_article.docx.docx - 2013 - journal_article.docx - 2013 - journal_article.docx.docx.docx,.docx,10.1016/j.jfludis.2020.105826;10.1016/j.patter.2021.100205;10.1016/j.sbspro.2015.03.310;10.1017/S1742058X13000170;10.17169/fqs-12.1.1589;10.2307/3178066;10.28968/cftt.v5i1.29607;10.3389/fpsyg.2017.01148;10.3998/dcbooks.9439946.0001.001;10.3998/mpub.9708722,,converted_ocr/Review/Unreadable/2013 - journal_article.docx - 2013 - journal_article.docx.docx - 2013 - journal_article.docx - 2013 - journal_article.docx.docx.docx.md,
Review/Unreadable/2013 - journal_article.pdf - 2013 - journal_article.pdf.pdf - 2013 - journal_article.pdf - 2013 - journal_article.pdf.pdf.pdf,.pdf,10.3983/twc.2023.2200,,converted_ocr/Review/Unreadable/2013 - journal_article.pdf - 2013 - journal_article.pdf.pdf - 2013 - journal_article.pdf - 2013 - journal_article.pdf.pdf.pdf.md,
Review/Unreadable/2013 - journal_article_1.docx - 2013 - journal_article_1.docx.docx - 2013 - journal_article_1.docx - 2013 - journal_article_1.docx.docx.docx,.docx,10.3983/twc.2023.2200,,converted_ocr/Review/Unreadable/2013 - journal_article_1.docx - 2013 - journal_article_1.docx.docx - 2013 - journal_article_1.docx - 2013 - journal_article_1.docx.docx.docx.md,
Review/Unreadable/2013 - journal_article_2.docx - 2013 - journal_article_2.docx.docx - 2013 - journal_article_2.docx - 2013 - journal_article_2.docx.docx.docx,.docx,10.1002/jts.21778;10.1017/S1742058X13000283;10.1017/hyp.2019.31;10.17169/fqs-12.1.1589,,converted_ocr/Review/Unreadable/2013 - journal_article_2.docx - 2013 - journal_article_2.docx.docx - 2013 - journal_article_2.docx - 2013 - journal_article_2.docx.docx.docx.md,
Review/Unreadable/2013 - journal_article_3.pdf - 2013 - journal_article_3.pdf.pdf - 2013 - journal_article_3.pdf - 2013 - journal_article_3.pdf.pdf.pdf,.pdf,10.1002/ajmg.b.30608;10.1002/ejsp.392;10.1006/hbeh.1995.1013;10.1007/BF00986930;10.1007/s10919-006-0010-6;10.1007/s12160-009-9100-0;10.1016/S0065-2601(08)00405-X;10.1016/S0065-2601(08)00406-1;10.1016/j.brainres.2005.10.001;10.1016/j.chb.2007.01.015;10.1016/j.conb.2004.10.016;10.1016/j.jesp.2005.03.005;10.1016/j.jesp.2007.02.003;10.1016/j.jesp.2009.02.017;10.1016/j.jesp.2009.08.010;10.1016/j.jesp.2009.12.004;10.1016/j.jesp.2012.02.015;10.1016/j.neuroimage.2004.10.002;10.1016/j.physbeh.2004.01.011;10.1016/j.pnpbp.2007.08.027,9780195398700;978019539870000307;9780195398700004;9780195398700007;9780195398700009;9780195398700065;9780195398700386;9780195398700394;97801953987004868;97801953987005160;9780195398700656,converted_ocr/Review/Unreadable/2013 - journal_article_3.pdf - 2013 - journal_article_3.pdf.pdf - 2013 - journal_article_3.pdf - 2013 - journal_article_3.pdf.pdf.pdf.md,
Review/Unreadable/2013 - reviewing).pdf - 2013 - reviewing).pdf.pdf - 2013 - reviewing).pdf - 2013 - reviewing).pdf.pdf.pdf,.pdf,10.1016/j.ijnurstu.2011.09.012;10.1016/j.socscimed.2012.04.037;10.1080/14606925.2019.1595444;10.1080/14649365.2016.1228114;10.1080/1472586X.2010.523279;10.1080/19398441.2010.488028;10.1080/24735132.2018.1541699;10.1111/j.1548-7458.2008.00009.x;10.1145/3357236.3395513;10.1177/0049124110366233;10.1177/0735275112457914;10.1177/0741088396013004002;10.1177/0907568212447243;10.1177/1049732302239412;10.1177/1049732303260445;10.1177/1049732307308949;10.1177/1049732315616625;10.1177/1049732316648114;10.1177/1090198109342084;10.1177/109019819702400309,,converted_ocr/Review/Unreadable/2013 - reviewing).pdf - 2013 - reviewing).pdf.pdf - 2013 - reviewing).pdf - 2013 - reviewing).pdf.pdf.pdf.md,
Review/Unreadable/2014 - report.docx - 2014 - report.docx.docx - 2014 - report.docx - 2014 - report.docx.docx.docx,.docx,10.1016/j.patter.2021.100205;10.1145/3236386.3241340;10.1145/3287560.3287574;10.1145/3351095.3372873;10.1145/3442188.3445922;10.1177/1461444816676645,,converted_ocr/Review/Unreadable/2014 - report.docx - 2014 - report.docx.docx - 2014 - report.docx - 2014 - report.docx.docx.docx.md,
Review/Unreadable/2015 - book_or_monograph.pdf - 2015 - book_or_monograph.pdf.pdf - 2015 - book_or_monograph.pdf - 2015 - book_or_monograph.pdf.pdf.pdf,.pdf,10.4135/9781483346687.n50,9781452292243;9781483346687,converted_ocr/Review/Unreadable/2015 - book_or_monograph.pdf - 2015 - book_or_monograph.pdf.pdf - 2015 - book_or_monograph.pdf - 2015 - book_or_monograph.pdf.pdf.pdf.md,
Review/Unreadable/2015 - book_or_monograph_1.pdf - 2015 - book_or_monograph_1.pdf.pdf - 2015 - book_or_monograph_1.pdf - 2015 - book_or_monograph_1.pdf.pdf.pdf,.pdf,10.7208/chicago/9780226276663.001.0001,9780226276663;9789241596664,converted_ocr/Review/Unreadable/2015 - book_or_monograph_1.pdf - 2015 - book_or_monograph_1.pdf.pdf - 2015 - book_or_monograph_1.pdf - 2015 - book_or_monograph_1.pdf.pdf.pdf.md,
Review/Unreadable/2015 - journal_article.docx - 2015 - journal_article.docx.docx - 2015 - journal_article.docx - 2015 - journal_article.docx.docx.docx,.docx,10.3983/twc.2023.2200,,converted_ocr/Review/Unreadable/2015 - journal_article.docx - 2015 - journal_article.docx.docx - 2015 - journal_article.docx - 2015 - journal_article.docx.docx.docx.md,
Review/Unreadable/2015 - policy_or_guidance [2].docx - 2015 - policy_or_guidance [2].docx.docx - 2015 - policy_or_guidance [2].docx - 2015 - policy_or_guidance [2].docx.docx.docx,.docx,10.1073/pnas.1915768117;10.1093/idpl/ipab005;10.1145/3287560.3287596;10.1145/3287560.3287598;10.1177/2053951715608873;10.2139/ssrn.2736395;10.2139/ssrn.3063289,,converted_ocr/Review/Unreadable/2015 - policy_or_guidance [2].docx - 2015 - policy_or_guidance [2].docx.docx - 2015 - policy_or_guidance [2].docx - 2015 - policy_or_guidance [2].docx.docx.docx.md,
Review/Unreadable/2015 - policy_or_guidance [3].docx - 2015 - policy_or_guidance [3].docx.docx - 2015 - policy_or_guidance [3].docx - 2015 - policy_or_guidance [3].docx.docx.docx,.docx,10.1073/pnas.1915768117;10.1093/idpl/ipab005;10.1145/3287560.3287596;10.1145/3287560.3287598;10.1177/2053951715608873;10.2139/ssrn.2736395;10.2139/ssrn.3063289,,converted_ocr/Review/Unreadable/2015 - policy_or_guidance [3].docx - 2015 - policy_or_guidance [3].docx.docx - 2015 - policy_or_guidance [3].docx - 2015 - policy_or_guidance [3].docx.docx.docx.md,
Review/Unreadable/2015 - policy_or_guidance [4].docx - 2015 - policy_or_guidance [4].docx.docx - 2015 - policy_or_guidance [4].docx - 2015 - policy_or_guidance [4].docx.docx.docx,.docx,10.1073/pnas.1915768117;10.1093/idpl/ipab005;10.1145/3287560.3287596;10.1145/3287560.3287598;10.1177/2053951715608873;10.2139/ssrn.2736395;10.2139/ssrn.3063289,,converted_ocr/Review/Unreadable/2015 - policy_or_guidance [4].docx - 2015 - policy_or_guidance [4].docx.docx - 2015 - policy_or_guidance [4].docx - 2015 - policy_or_guidance [4].docx.docx.docx.md,
Review/Unreadable/2015 - policy_or_guidance.docx - 2015 - policy_or_guidance.docx.docx - 2015 - policy_or_guidance.docx - 2015 - policy_or_guidance.docx.docx.docx,.docx,10.1073/pnas.1915768117;10.1093/idpl/ipab005;10.1145/3287560.3287596;10.1145/3287560.3287598;10.1177/2053951715608873;10.2139/ssrn.2736395;10.2139/ssrn.3063289,,converted_ocr/Review/Unreadable/2015 - policy_or_guidance.docx - 2015 - policy_or_guidance.docx.docx - 2015 - policy_or_guidance.docx - 2015 - policy_or_guidance.docx.docx.docx.md,
Review/Unreadable/2016 - Big Datas Disparate Impact.pdf - 2016 - Big Datas Disparate Impact.pdf.pdf - 2016 - Big Datas Disparate Impact.pdf - 2016 - Big Datas Disparate Impact.pdf.pdf.pdf,.pdf,10.15779/Z38BG31,,converted_ocr/Review/Unreadable/2016 - Big Datas Disparate Impact.pdf - 2016 - Big Datas Disparate Impact.pdf.pdf - 2016 - Big Datas Disparate Impact.pd__21659f44a787.md,
Review/Unreadable/2016 - book_or_monograph_1.pdf - 2016 - book_or_monograph_1.pdf.pdf - 2016 - book_or_monograph_1.pdf - 2016 - book_or_monograph_1.pdf.pdf.pdf,.pdf,,9781785333293;9781785333309,converted_ocr/Review/Unreadable/2016 - book_or_monograph_1.pdf - 2016 - book_or_monograph_1.pdf.pdf - 2016 - book_or_monograph_1.pdf - 2016 - book_or_monograph_1.pdf.pdf.pdf.md,
Review/Unreadable/2016 - journal_article.pdf - 2016 - journal_article.pdf.pdf - 2016 - journal_article.pdf - 2016 - journal_article.pdf.pdf.pdf,.pdf,10.1007/s11186-020-09411-3,,converted_ocr/Review/Unreadable/2016 - journal_article.pdf - 2016 - journal_article.pdf.pdf - 2016 - journal_article.pdf - 2016 - journal_article.pdf.pdf.pdf.md,
Review/Unreadable/2016 - journal_article_2.docx - 2016 - journal_article_2.docx.docx - 2016 - journal_article_2.docx - 2016 - journal_article_2.docx.docx.docx,.docx,10.22146/jh.15309;10.3390/rel13020118,,converted_ocr/Review/Unreadable/2016 - journal_article_2.docx - 2016 - journal_article_2.docx.docx - 2016 - journal_article_2.docx - 2016 - journal_article_2.docx.docx.docx.md,
Review/Unreadable/2016 - notes_or_journal_1.docx - 2016 - notes_or_journal_1.docx.docx - 2016 - notes_or_journal_1.docx - 2016 - notes_or_journal_1.docx.docx.docx,.docx,10.1136/medhum-2017-011255,,converted_ocr/Review/Unreadable/2016 - notes_or_journal_1.docx - 2016 - notes_or_journal_1.docx.docx - 2016 - notes_or_journal_1.docx - 2016 - notes_or_journal_1.docx.docx.docx.md,
Review/Unreadable/2016 - SAGE Reference.pdf - 2016 - SAGE Reference.pdf.pdf - 2016 - SAGE Reference.pdf - 2016 - SAGE Reference.pdf.pdf.pdf,.pdf,10.4135/9781483376493.n307,9781483376493;9781483376516,converted_ocr/Review/Unreadable/2016 - SAGE Reference.pdf - 2016 - SAGE Reference.pdf.pdf - 2016 - SAGE Reference.pdf - 2016 - SAGE Reference.pdf.pdf.pdf.md,
Review/Unreadable/2017 - 356.pdf - 2017 - 356.pdf.pdf - 2017 - 356.pdf - 2017 - 356.pdf.pdf.pdf,.pdf,10.7340/anuac2239-625X-2921,,converted_ocr/Review/Unreadable/2017 - 356.pdf - 2017 - 356.pdf.pdf - 2017 - 356.pdf - 2017 - 356.pdf.pdf.pdf.md,
"Review/Unreadable/2017 - BELGIAN OFFICE FOR SCIENTIFIC, TECHNICAL AND CULTURAL AFFAIRS.p - 2017 - BELGIAN OFFICE FOR SCIENTIFIC, TECHNICAL AND CULTURAL AFFAIRS.pdf - 2017 - BELGIAN OFFICE FOR SCIENTIFIC, TECHNICAL AND CULTURAL.pdf",.pdf,10.1558/pome.v15i1-2.79,,"converted_ocr/Review/Unreadable/2017 - BELGIAN OFFICE FOR SCIENTIFIC, TECHNICAL AND CULTURAL AFFAIRS.p - 2017 - BELGIAN OFFICE FOR SCIENTIFIC, TECHNICAL__dfb8b9436b46.md",
"Review/Unreadable/2017 - Douglas, Karen, Sutton, Robbie M. and Cichocka, Aleksandra The - 2017 - Douglas, Karen, Sutton, Robbie M. and Cichocka, Aleksandra The.pdf - 2017 - Douglas, Karen, Sutton, Robbie M. and Cichocka, Aleks.pdf",.pdf,10.1002/ejsp.2308;10.1177/0963721417718261;10.1371/journal;10.3389/fpsyg.2013.00225;10.3389/fpsyg.2013.00378,,"converted_ocr/Review/Unreadable/2017 - Douglas, Karen, Sutton, Robbie M. and Cichocka, Aleksandra The - 2017 - Douglas, Karen, Sutton, Robbie M. and Cic__cdeb51ae0a83.md",
Review/Unreadable/2017 - EDITORIAL INTRODUCTION.pdf - 2017 - EDITORIAL INTRODUCTION.pdf.pdf - 2017 - EDITORIAL INTRODUCTION.pdf - 2017 - EDITORIAL INTRODUCTION.pdf.pdf.pdf,.pdf,10.1017/S1742058X13000349,,converted_ocr/Review/Unreadable/2017 - EDITORIAL INTRODUCTION.pdf - 2017 - EDITORIAL INTRODUCTION.pdf.pdf - 2017 - EDITORIAL INTRODUCTION.pdf - 2017 - EDITORIAL INTRODUCTION.pdf.pdf.pdf.md,
Review/Unreadable/2017 - JOURNAL OF MEDICAL INTERNET RESEARCH Greenhalgh et al.pdf - 201 - 2017 - JOURNAL OF MEDICAL INTERNET RESEARCH Greenhalgh et al.pdf - 2017 - JOURNAL OF MEDICAL INTERNET RESEARCH Greenhalgh et al.pdf.pdf.pdf,.pdf,10.1007/BF00141934;10.1007/s10464-009-9229-9;10.1007/s10606-005-9001-0;10.1007/s10606-006-9037-9;10.1016/S0140-6736(11)61229-4;10.1016/j.jacbts.2016.06.003;10.1016/j.otc.2011.08.011;10.1080/09537320310001601504;10.1111/j.1467-9566.2007.01032.x;10.1111/j.1468-0009.2012.00673.x;10.1111/j.1552-6909.2012.01399.x;10.1177/001872678704000303;10.1177/1555343416652524;10.1186/1748-5908-8-117;10.1207/S15327051HCI1523_5;10.1287/isre.3.1.60;10.1287/orsc.11.6.611.12529;10.1287/orsc.3.3.398;10.2196/jmir.1633;10.2196/jmir.8775,,converted_ocr/Review/Unreadable/2017 - JOURNAL OF MEDICAL INTERNET RESEARCH Greenhalgh et al.pdf - 201 - 2017 - JOURNAL OF MEDICAL INTERNET RESEARCH Gre__90abd5589c95.md,
Review/Unreadable/2017 - journal_article.docx - 2017 - journal_article.docx.docx - 2017 - journal_article.docx - 2017 - journal_article.docx.docx.docx,.docx,10.3983/twc.2023.2200,,converted_ocr/Review/Unreadable/2017 - journal_article.docx - 2017 - journal_article.docx.docx - 2017 - journal_article.docx - 2017 - journal_article.docx.docx.docx.md,
Review/Unreadable/2017 - journal_article.pdf - 2017 - journal_article.pdf.pdf - 2017 - journal_article.pdf - 2017 - journal_article.pdf.pdf.pdf,.pdf,10.1080/01419870.2015.1103880,,converted_ocr/Review/Unreadable/2017 - journal_article.pdf - 2017 - journal_article.pdf.pdf - 2017 - journal_article.pdf - 2017 - journal_article.pdf.pdf.pdf.md,
Review/Unreadable/2017 - journal_article_1.pdf - 2017 - journal_article_1.pdf.pdf - 2017 - journal_article_1.pdf - 2017 - journal_article_1.pdf.pdf.pdf,.pdf,10.1016/j.giq.2024.101929,,converted_ocr/Review/Unreadable/2017 - journal_article_1.pdf - 2017 - journal_article_1.pdf.pdf - 2017 - journal_article_1.pdf - 2017 - journal_article_1.pdf.pdf.pdf.md,
Review/Unreadable/2017 - thesis_or_dissertation [2].pdf - 2017 - thesis_or_dissertation [2].pdf.pdf - 2017 - thesis_or_dissertation [2].pdf - 2017 - thesis_or_dissertation [2].pdf.pdf.pdf,.pdf,10.4000/gss.1849,,converted_ocr/Review/Unreadable/2017 - thesis_or_dissertation [2].pdf - 2017 - thesis_or_dissertation [2].pdf.pdf - 2017 - thesis_or_dissertation [2].pd__b770960d92eb.md,
Review/Unreadable/2017 - thesis_or_dissertation.pdf - 2017 - thesis_or_dissertation.pdf.pdf - 2017 - thesis_or_dissertation.pdf - 2017 - thesis_or_dissertation.pdf.pdf.pdf,.pdf,10.1558/pome.v15i1-2.1;10.1558/pome.v15i12.1,,converted_ocr/Review/Unreadable/2017 - thesis_or_dissertation.pdf - 2017 - thesis_or_dissertation.pdf.pdf - 2017 - thesis_or_dissertation.pdf - 2017 - thesis_or_dissertation.pdf.pdf.pdf.md,
Review/Unreadable/2017 - thesis_or_dissertation_2.pdf - 2017 - thesis_or_dissertation_2.pdf.pdf - 2017 - thesis_or_dissertation_2.pdf - 2017 - thesis_or_dissertation_2.pdf.pdf.pdf,.pdf,10.1558/pome.v15i1-2.1,,converted_ocr/Review/Unreadable/2017 - thesis_or_dissertation_2.pdf - 2017 - thesis_or_dissertation_2.pdf.pdf - 2017 - thesis_or_dissertation_2.pdf - 20__eae68ed924b9.md,
Review/Unreadable/2018 - book_chapter.docx - 2018 - book_chapter.docx.docx - 2018 - book_chapter.docx - 2018 - book_chapter.docx.docx.docx,.docx,10.1080/0048721X.2016.1210390;10.6084/m9.figshare.12652460.v1,,converted_ocr/Review/Unreadable/2018 - book_chapter.docx - 2018 - book_chapter.docx.docx - 2018 - book_chapter.docx - 2018 - book_chapter.docx.docx.docx.md,
Review/Unreadable/2018 - Conseil de recherches en Social Sciences and Humanities.pdf - 2 - 2018 - Conseil de recherches en Social Sciences and Humanities.pdf - 2018 - Conseil de recherches en Social Sciences and Humanities.pdf.pdf,.pdf,10.1177/0008429817710971;10.1558/pome.v12i2.159;10.1558/pome.v15i1-2.79;10.4000/gss.1722,,converted_ocr/Review/Unreadable/2018 - Conseil de recherches en Social Sciences and Humanities.pdf - 2 - 2018 - Conseil de recherches en Social Sciences__4548ff272cc8.md,
"Review/Unreadable/2018 - Dion 2018 LEPAGE, Martin.pdf - 2018 - Dion 2018 LEPAGE, Martin.pdf.pdf - 2018 - Dion 2018 LEPAGE, Martin.pdf - 2018 - Dion 2018 LEPAGE, Martin.pdf.pdf.pdf",.pdf,10.1558/pome.v12i2.159,,"converted_ocr/Review/Unreadable/2018 - Dion 2018 LEPAGE, Martin.pdf - 2018 - Dion 2018 LEPAGE, Martin.pdf.pdf - 2018 - Dion 2018 LEPAGE, Martin.pdf - 20__fc648a7b99e0.md",
Review/Unreadable/2018 - edn.indd - book_or_monograph.pdf - 2018 - edn.indd - book_or_monograph.pdf.pdf - 2018 - edn.indd - book_or_monograph.pdf - 2018 - edn.indd - book_or_monograph.pdf.pdf.pdf,.pdf,10.3998/mpub.10072208,,converted_ocr/Review/Unreadable/2018 - edn.indd - book_or_monograph.pdf - 2018 - edn.indd - book_or_monograph.pdf.pdf - 2018 - edn.indd - book_or_monogr__e872fce2859b.md,
Review/Unreadable/2018 - religions.pdf - 2018 - religions.pdf.pdf - 2018 - religions.pdf - 2018 - religions.pdf.pdf.pdf,.pdf,10.3390/rel9040105,,converted_ocr/Review/Unreadable/2018 - religions.pdf - 2018 - religions.pdf.pdf - 2018 - religions.pdf - 2018 - religions.pdf.pdf.pdf.md,
Review/Unreadable/2018 - Studying complexity in health services research desperately see - 2018 - Studying complexity in health services research desperately seeking an overdue paradigm sh.pdf - 2018 - Studying complexity in he.pdf,.pdf,10.1186/s12916-018-1079-6;10.1186/s12916-018-1089-4;10.1186/s12916018-1087-6,,converted_ocr/Review/Unreadable/2018 - Studying complexity in health services research desperately see - 2018 - Studying complexity in health services r__c44626627c49.md,
"Review/Unreadable/2018 - Tech Tools Profile, Police, and Pun.pdf - 2018 - Tech Tools Profile, Police, and Pun.pdf.pdf - 2018 - Tech Tools Profile, Police, and Pun.pdf - 2018 - Tech Tools Profile, Police, and Pun.pdf.pdf.pdf",.pdf,10.5204/lthj.v1i0.1386,9781250215789,"converted_ocr/Review/Unreadable/2018 - Tech Tools Profile, Police, and Pun.pdf - 2018 - Tech Tools Profile, Police, and Pun.pdf.pdf - 2018 - Tech Tools__9bb2dd55ee35.md",
Review/Unreadable/2018 - thesis_or_dissertation_2.pdf - 2018 - thesis_or_dissertation_2.pdf.pdf - 2018 - thesis_or_dissertation_2.pdf - 2018 - thesis_or_dissertation_2.pdf.pdf.pdf,.pdf,10.1177/0008429817710971,,converted_ocr/Review/Unreadable/2018 - thesis_or_dissertation_2.pdf - 2018 - thesis_or_dissertation_2.pdf.pdf - 2018 - thesis_or_dissertation_2.pdf - 20__3d8e21769a06.md,
Review/Unreadable/2018 - thesis_or_dissertation_3.pdf - 2018 - thesis_or_dissertation_3.pdf.pdf - 2018 - thesis_or_dissertation_3.pdf - 2018 - thesis_or_dissertation_3.pdf.pdf.pdf,.pdf,10.1558/pome.v15i12.1,,converted_ocr/Review/Unreadable/2018 - thesis_or_dissertation_3.pdf - 2018 - thesis_or_dissertation_3.pdf.pdf - 2018 - thesis_or_dissertation_3.pdf - 20__ec8ac654ceb3.md,
Review/Unreadable/2019 - book_or_monograph.pdf - 2019 - book_or_monograph.pdf.pdf - 2019 - book_or_monograph.pdf - 2019 - book_or_monograph.pdf.pdf.pdf,.pdf,,9781478005858;9781478006510;9781478007227,converted_ocr/Review/Unreadable/2019 - book_or_monograph.pdf - 2019 - book_or_monograph.pdf.pdf - 2019 - book_or_monograph.pdf - 2019 - book_or_monograph.pdf.pdf.pdf.md,
"Review/Unreadable/2019 - ILCEA, 31 2018.pdf - 2019 - ILCEA, 31 2018.pdf.pdf - 2019 - ILCEA, 31 2018.pdf - 2019 - ILCEA, 31 2018.pdf.pdf.pdf",.pdf,10.4000/ilcea.4677,,"converted_ocr/Review/Unreadable/2019 - ILCEA, 31 2018.pdf - 2019 - ILCEA, 31 2018.pdf.pdf - 2019 - ILCEA, 31 2018.pdf - 2019 - ILCEA, 31 2018.pdf.pdf.pdf.md",
Review/Unreadable/2019 - journal_article.pdf - 2019 - journal_article.pdf.pdf - 2019 - journal_article.pdf - 2019 - journal_article.pdf.pdf.pdf,.pdf,10.1080/1369118X.2019.1609544,9781526436917;9781526436924,converted_ocr/Review/Unreadable/2019 - journal_article.pdf - 2019 - journal_article.pdf.pdf - 2019 - journal_article.pdf - 2019 - journal_article.pdf.pdf.pdf.md,
"Review/Unreadable/2019 - Martin Lepage - Bibliographie, bourses postdoctorales CRSH 2018 - 2019 - Martin Lepage - Bibliographie, bourses postdoctorales CRSH 2018-2019 LEPAGE, MARTIN # 223356.pdf - 2019 - Martin Lepage - Bibliog.pdf",.pdf,10.1177/0008429817710971;10.1558/pome.v12i2.159;10.1558/pome.v15i1-2.79;10.4000/gss.1722;10.4000/gss.1849,,"converted_ocr/Review/Unreadable/2019 - Martin Lepage - Bibliographie, bourses postdoctorales CRSH 2018 - 2019 - Martin Lepage - Bibliographie, bourses p__e217a02256ee.md",
Review/Unreadable/2019 - Martin Lepage - TITLE of Research Project.docx - 2019 - Martin - 2019 - Martin Lepage - TITLE of Research Project.docx - 2019 - Martin Lepage - TITLE of Research Project.docx.docx.docx,.docx,10.1016/S2352-3018;10.1016/S2352-3018(22)00124-2;10.1016/j.drugpo.2016.10.007;10.1016/j.drugpo.2018.11.014;10.1108/DAT-10-2018-0058;10.1177/1049732309333018;10.1177/1363460720986922;10.1177/1363460721995467;10.22514/jomh.2022.003;10.7202/1062117ar,,converted_ocr/Review/Unreadable/2019 - Martin Lepage - TITLE of Research Project.docx - 2019 - Martin - 2019 - Martin Lepage - TITLE of Research Project__92eae3b7bde5.md,
"Review/Unreadable/2019 - Methodos, 2 2002.pdf - 2019 - Methodos, 2 2002.pdf.pdf - 2019 - Methodos, 2 2002.pdf - 2019 - Methodos, 2 2002.pdf.pdf.pdf",.pdf,10.4000/methodos.90,,"converted_ocr/Review/Unreadable/2019 - Methodos, 2 2002.pdf - 2019 - Methodos, 2 2002.pdf.pdf - 2019 - Methodos, 2 2002.pdf - 2019 - Methodos, 2 2002.pdf.pdf.pdf.md",
Review/Unreadable/2019 - Traditions and Trajectories in the Historiography of European W - 2019 - Traditions and Trajectories in the Historiography of European Witch Hunting.pdf - 2019 - Traditions and Trajectories in the Histo.pdf,.pdf,10.1111/j.1478-0542.2006.00310.x,,converted_ocr/Review/Unreadable/2019 - Traditions and Trajectories in the Historiography of European W - 2019 - Traditions and Trajectories in the Histo__1f6d3cbb7bf2.md,
Review/Unreadable/2020 - book_or_monograph_1.pdf - 2020 - book_or_monograph_1.pdf.pdf - 2020 - book_or_monograph_1.pdf - 2020 - book_or_monograph_1.pdf.pdf.pdf,.pdf,,9781524762940,converted_ocr/Review/Unreadable/2020 - book_or_monograph_1.pdf - 2020 - book_or_monograph_1.pdf.pdf - 2020 - book_or_monograph_1.pdf - 2020 - book_or_monograph_1.pdf.pdf.pdf.md,
Review/Unreadable/2020 - journal_article.pdf - 2020 - journal_article.pdf.pdf - 2020 - journal_article.pdf - 2020 - journal_article.pdf.pdf.pdf,.pdf,10.4102/td.v16i1.758,,converted_ocr/Review/Unreadable/2020 - journal_article.pdf - 2020 - journal_article.pdf.pdf - 2020 - journal_article.pdf - 2020 - journal_article.pdf.pdf.pdf.md,
Review/Unreadable/2020 - journal_article_1.pdf - 2020 - journal_article_1.pdf.pdf - 2020 - journal_article_1.pdf - 2020 - journal_article_1.pdf.pdf.pdf,.pdf,10.4000/gss.6006,,converted_ocr/Review/Unreadable/2020 - journal_article_1.pdf - 2020 - journal_article_1.pdf.pdf - 2020 - journal_article_1.pdf - 2020 - journal_article_1.pdf.pdf.pdf.md,
Review/Unreadable/2021 - journal_article.pdf - 2021 - journal_article.pdf.pdf - 2021 - journal_article.pdf - 2021 - journal_article.pdf.pdf.pdf,.pdf,10.3390/rel12020087,,converted_ocr/Review/Unreadable/2021 - journal_article.pdf - 2021 - journal_article.pdf.pdf - 2021 - journal_article.pdf - 2021 - journal_article.pdf.pdf.pdf.md,
Review/Unreadable/2021 - Spiritual Activism in Swit.pdf - 2021 - Spiritual Activism in Swit.pdf.pdf - 2021 - Spiritual Activism in Swit.pdf - 2021 - Spiritual Activism in Swit.pdf.pdf.pdf,.pdf,10.3390/rel13010023,,converted_ocr/Review/Unreadable/2021 - Spiritual Activism in Swit.pdf - 2021 - Spiritual Activism in Swit.pdf.pdf - 2021 - Spiritual Activism in Swit.pd__3cb2da697beb.md,
Review/Unreadable/2022 - report.pdf - 2022 - report.pdf.pdf - 2022 - report.pdf - 2022 - report.pdf.pdf.pdf,.pdf,10.1145/3313831.3376727,,converted_ocr/Review/Unreadable/2022 - report.pdf - 2022 - report.pdf.pdf - 2022 - report.pdf - 2022 - report.pdf.pdf.pdf.md,
Review/Unreadable/2023 - book_or_monograph.pdf - 2023 - book_or_monograph.pdf.pdf - 2023 - book_or_monograph.pdf - 2023 - book_or_monograph.pdf.pdf.pdf,.pdf,,9780190923624;9780190923631,converted_ocr/Review/Unreadable/2023 - book_or_monograph.pdf - 2023 - book_or_monograph.pdf.pdf - 2023 - book_or_monograph.pdf - 2023 - book_or_monograph.pdf.pdf.pdf.md,
Review/Unreadable/2023 - journal_article.pdf - 2023 - journal_article.pdf.pdf - 2023 - journal_article.pdf - 2023 - journal_article.pdf.pdf.pdf,.pdf,10.6028/NIST.AI.100-1,,converted_ocr/Review/Unreadable/2023 - journal_article.pdf - 2023 - journal_article.pdf.pdf - 2023 - journal_article.pdf - 2023 - journal_article.pdf.pdf.pdf.md,
Review/Unreadable/2023 - journal_article_1.pdf - 2023 - journal_article_1.pdf.pdf - 2023 - journal_article_1.pdf - 2023 - journal_article_1.pdf.pdf.pdf,.pdf,10.1177/27536386231177348,,converted_ocr/Review/Unreadable/2023 - journal_article_1.pdf - 2023 - journal_article_1.pdf.pdf - 2023 - journal_article_1.pdf - 2023 - journal_article_1.pdf.pdf.pdf.md,
Review/Unreadable/2024 - 0463.pdf - 2024 - 0463.pdf.pdf - 2024 - 0463.pdf - 2024 - 0463.pdf.pdf.pdf,.pdf,10.5281/zenodo.10936348,,converted_ocr/Review/Unreadable/2024 - 0463.pdf - 2024 - 0463.pdf.pdf - 2024 - 0463.pdf - 2024 - 0463.pdf.pdf.pdf.md,
Review/Unreadable/2024 - 2024.pdf - 2024 - 2024.pdf.pdf - 2024 - 2024.pdf - 2024 - 2024.pdf.pdf.pdf,.pdf,10.1177/0037768607086498;10.1177/0037768617704165;10.1177/0037768618768439;10.1177/00377686231217194,,converted_ocr/Review/Unreadable/2024 - 2024.pdf - 2024 - 2024.pdf.pdf - 2024 - 2024.pdf - 2024 - 2024.pdf.pdf.pdf.md,
Review/Unreadable/2024 - journal_article [2].pdf - 2024 - journal_article [2].pdf.pdf - 2024 - journal_article [2].pdf - 2024 - journal_article [2].pdf.pdf.pdf,.pdf,10.1111/bld.12413;10.17645/si.v11i1.5642,,converted_ocr/Review/Unreadable/2024 - journal_article [2].pdf - 2024 - journal_article [2].pdf.pdf - 2024 - journal_article [2].pdf - 2024 - journal_article [2].pdf.pdf.pdf.md,
Review/Unreadable/2024 - journal_article_1.pdf - 2024 - journal_article_1.pdf.pdf - 2024 - journal_article_1.pdf - 2024 - journal_article_1.pdf.pdf.pdf,.pdf,10.1007/s10461-02304263-1;10.1007/s10508-012-0009-5;10.1007/s10508-014-0279-1;10.1007/s11606-015-3333-3;10.1007/s11930-017-0108-3;10.1007/s11934-020-01030-w;10.1007/s12119-021-09876-z;10.1016/S23523018(20)30197-1;10.1016/j.drugpo.2018;10.1016/j.jsxm.2018.03.086;10.1016/j.jsxm.2019.02.014;10.1016/j.sxmr.2021.01.002;10.1017/S071498081900062X;10.1037/a0012955;10.1071/SH25150;10.1071/SH25150/1716593/sh25150.pdf;10.1080/00224499.2017.1410519;10.1080/00224499.2019.1689379;10.1080/0092623X.2015.1113597;10.1080/0092623X.2016.1263703,9780195377903,converted_ocr/Review/Unreadable/2024 - journal_article_1.pdf - 2024 - journal_article_1.pdf.pdf - 2024 - journal_article_1.pdf - 2024 - journal_article_1.pdf.pdf.pdf.md,
Review/Unreadable/2024 - journal_article_2.pdf - 2024 - journal_article_2.pdf.pdf - 2024 - journal_article_2.pdf - 2024 - journal_article_2.pdf.pdf.pdf,.pdf,10.3390/sexes5040032,,converted_ocr/Review/Unreadable/2024 - journal_article_2.pdf - 2024 - journal_article_2.pdf.pdf - 2024 - journal_article_2.pdf - 2024 - journal_article_2.pdf.pdf.pdf.md,
Review/Unreadable/2024 - report.pdf - 2024 - report.pdf.pdf - 2024 - report.pdf - 2024 - report.pdf.pdf.pdf,.pdf,,9780190915988;9780190916008;9780190916015;9780197769638,converted_ocr/Review/Unreadable/2024 - report.pdf - 2024 - report.pdf.pdf - 2024 - report.pdf - 2024 - report.pdf.pdf.pdf.md,
Review/Unreadable/2025 - book_or_monograph_1.docx - 2025 - book_or_monograph_1.docx.docx - 2025 - book_or_monograph_1.docx - 2025 - book_or_monograph_1.docx.docx.docx,.docx,,9798273810013,converted_ocr/Review/Unreadable/2025 - book_or_monograph_1.docx - 2025 - book_or_monograph_1.docx.docx - 2025 - book_or_monograph_1.docx - 2025 - book_or_monograph_1.docx.docx.docx.md,
"Review/Unreadable/2025 - https lthj.qut.edu.au LAW, TECHNOLOGY AND HUMANS.pdf - 2025 - h - 2025 - https lthj.qut.edu.au LAW, TECHNOLOGY AND HUMANS.pdf - 2025 - https lthj.qut.edu.au LAW, TECHNOLOGY AND HUMANS.pdf.pdf.pdf",.pdf,10.1007/978-94-6265-523-2_26;10.1007/BF01405730;10.1007/s00146-021-01247-4;10.1007/s10676-006-0008-0;10.1007/s10676-008-9167-5;10.1007/s11023-007-9079-x;10.1007/s44206-02300068-w;10.1016/j.jiixd.2023.10.007;10.1038/s42256-019-0088-2;10.1145/3144592.3144598;10.14763/2023.1.1682;10.2478/jagi-2014-0001;10.2478/jagi-2019-0002;10.2991/978-94-91216-62-6;10.48550/arXiv.2309.10371;10.48550/arXiv.2401.02843;10.5204/lthj.3757;10.54097/81t5jr86;10.55613/jeet.v25i2.48,,"converted_ocr/Review/Unreadable/2025 - https lthj.qut.edu.au LAW, TECHNOLOGY AND HUMANS.pdf - 2025 - h - 2025 - https lthj.qut.edu.au LAW, TECHNOLOGY AN__2e9999d57686.md",
Review/Unreadable/2025 - journal_article_1.pdf - 2025 - journal_article_1.pdf.pdf - 2025 - journal_article_1.pdf - 2025 - journal_article_1.pdf.pdf.pdf,.pdf,10.1038/s41598-025-92190-7,,converted_ocr/Review/Unreadable/2025 - journal_article_1.pdf - 2025 - journal_article_1.pdf.pdf - 2025 - journal_article_1.pdf - 2025 - journal_article_1.pdf.pdf.pdf.md,
Review/Unreadable/2025 - Memoire - thesis_or_dissertation.pdf - 2025 - Memoire - thesis_or_dissertation.pdf.pdf - 2025 - Memoire - thesis_or_dissertation.pdf - 2025 - Memoire - thesis_or_dissertation.pdf.pdf.pdf,.pdf,10.1080/07303084.1998.10605572;10.1080/17439760903271116;10.3917/arco.colle.2024.01.0509,,converted_ocr/Review/Unreadable/2025 - Memoire - thesis_or_dissertation.pdf - 2025 - Memoire - thesis_or_dissertation.pdf.pdf - 2025 - Memoire - thesis___6ccec6179790.md,
Review/Unreadable/2025 - ocr_needed_1.pdf - 2025 - ocr_needed_1.pdf.pdf - 2025 - ocr_needed_1.pdf - 2025 - ocr_needed_1.pdf.pdf.pdf,.pdf,10.2861/0136788,,converted_ocr/Review/Unreadable/2025 - ocr_needed_1.pdf - 2025 - ocr_needed_1.pdf.pdf - 2025 - ocr_needed_1.pdf - 2025 - ocr_needed_1.pdf.pdf.pdf.md,text/Review/Unreadable/2025 - ocr_needed_1.pdf - 2025 - ocr_needed_1.pdf.pdf - 2025 - ocr_needed_1.pdf - 2025 - ocr_needed_1.pdf.pdf.pdf.ocr.txt
Review/Unreadable/2025 - report_1.docx - 2025 - report_1.docx.docx - 2025 - report_1.docx - 2025 - report_1.docx.docx.docx,.docx,10.1111/jcc4.12013;10.1126/science.aap9559;10.1186/s41118-020-00103-5,9780226682952,converted_ocr/Review/Unreadable/2025 - report_1.docx - 2025 - report_1.docx.docx - 2025 - report_1.docx - 2025 - report_1.docx.docx.docx.md,
Review/Unreadable/2025 - report_2.docx - 2025 - report_2.docx.docx - 2025 - report_2.docx - 2025 - report_2.docx.docx.docx,.docx,10.1177/01461672241267332,,converted_ocr/Review/Unreadable/2025 - report_2.docx - 2025 - report_2.docx.docx - 2025 - report_2.docx - 2025 - report_2.docx.docx.docx.md,
"Review/Unreadable/2025 - Right Populism, and Political.pdf - 2025 - Right Populism, and Political.pdf.pdf - 2025 - Right Populism, and Political.pdf - 2025 - Right Populism, and Political.pdf.pdf.pdf",.pdf,10.1016/j.jce.2012.10.002;10.1057/s41304;10.1177/0951692800012004007;10.1177/2056305119885328;10.17645/pag.9792;10.17645/pag.i425;10.2478/njms,9780190603618,"converted_ocr/Review/Unreadable/2025 - Right Populism, and Political.pdf - 2025 - Right Populism, and Political.pdf.pdf - 2025 - Right Populism, and Pol__7b44e929a83e.md",
Review/Unreadable/2026 - audit_or_assessment_2.docx - 2026 - audit_or_assessment_2.docx.docx - 2026 - audit_or_assessment_2.docx - 2026 - audit_or_assessment_2.docx.docx.docx,.docx,10.1007/s11023-022-09611-z;10.1080/21670811.2014.976411;10.1093/idpl/ipaa020;10.1145/3287560.3287596;10.1145/3287560.3287598;10.1145/3351095.3372873;10.15779/Z38BG31;10.48550/arXiv.1803.09010;10.48550/arXiv.1810.03993,,converted_ocr/Review/Unreadable/2026 - audit_or_assessment_2.docx - 2026 - audit_or_assessment_2.docx.docx - 2026 - audit_or_assessment_2.docx - 2026 - audit_or_assessment_2.docx.docx.docx.md,
Review/Unreadable/2026 - journal_article.pdf - 2026 - journal_article.pdf.pdf - 2026 - journal_article.pdf - 2026 - journal_article.pdf.pdf.pdf,.pdf,10.1038/s41562-021-01236-z;10.1111/1745-9125.12300;10.2307/48738492;10.7758/RSF.2023;10.7758/RSF.2023.9.4.05;10.7758/RSF.2023.9.5.01,,converted_ocr/Review/Unreadable/2026 - journal_article.pdf - 2026 - journal_article.pdf.pdf - 2026 - journal_article.pdf - 2026 - journal_article.pdf.pdf.pdf.md,
Review/Unreadable/2026 - journal_article_1.pdf - 2026 - journal_article_1.pdf.pdf - 2026 - journal_article_1.pdf - 2026 - journal_article_1.pdf.pdf.pdf,.pdf,10.1037/ppm0000185;10.1097/PHM.0000000000001435,,converted_ocr/Review/Unreadable/2026 - journal_article_1.pdf - 2026 - journal_article_1.pdf.pdf - 2026 - journal_article_1.pdf - 2026 - journal_article_1.pdf.pdf.pdf.md,
Review/Unreadable/2026 - policy_or_guidance_1.docx - 2026 - policy_or_guidance_1.docx.docx - 2026 - policy_or_guidance_1.docx - 2026 - policy_or_guidance_1.docx.docx.docx,.docx,10.1145/3287560.3287596,,converted_ocr/Review/Unreadable/2026 - policy_or_guidance_1.docx - 2026 - policy_or_guidance_1.docx.docx - 2026 - policy_or_guidance_1.docx - 2026 - policy_or_guidance_1.docx.docx.docx.md,
Review/Unreadable/2026 - policy_or_guidance_5.docx - 2026 - policy_or_guidance_5.docx.docx - 2026 - policy_or_guidance_5.docx - 2026 - policy_or_guidance_5.docx.docx.docx,.docx,10.1073/pnas.1915768117;10.1093/idpl/ipab005;10.1145/3287560.3287596;10.1145/3287560.3287598;10.1177/2053951715608873;10.2139/ssrn.2736395;10.2139/ssrn.3063289,,converted_ocr/Review/Unreadable/2026 - policy_or_guidance_5.docx - 2026 - policy_or_guidance_5.docx.docx - 2026 - policy_or_guidance_5.docx - 2026 - policy_or_guidance_5.docx.docx.docx.md,
Review/Unreadable/2027 - audit_or_assessment [2].docx - 2027 - audit_or_assessment [2].docx.docx - 2027 - audit_or_assessment [2].docx - 2027 - audit_or_assessment [2].docx.docx.docx,.docx,10.1080/23753234.2022.2086891;10.1186/s12916-018-1089-4;10.1631/FITEE.1700826,,converted_ocr/Review/Unreadable/2027 - audit_or_assessment [2].docx - 2027 - audit_or_assessment [2].docx.docx - 2027 - audit_or_assessment [2].docx - 2__3c9565647205.md,
Review/Unreadable/2027 - audit_or_assessment.docx - 2027 - audit_or_assessment.docx.docx - 2027 - audit_or_assessment.docx - 2027 - audit_or_assessment.docx.docx.docx,.docx,10.1080/23753234.2022.2086891;10.1186/s12916-018-1089-4;10.1631/FITEE.1700826,,converted_ocr/Review/Unreadable/2027 - audit_or_assessment.docx - 2027 - audit_or_assessment.docx.docx - 2027 - audit_or_assessment.docx - 2027 - audit_or_assessment.docx.docx.docx.md,
Review/Unreadable/2027 - policy_or_guidance.pdf - 2027 - policy_or_guidance.pdf.pdf - 2027 - policy_or_guidance.pdf - 2027 - policy_or_guidance.pdf.pdf.pdf,.pdf,10.1080/23753234.2022.2086891;10.1186/s12916-018-1089-4;10.1631/FITEE.1700826,,converted_ocr/Review/Unreadable/2027 - policy_or_guidance.pdf - 2027 - policy_or_guidance.pdf.pdf - 2027 - policy_or_guidance.pdf - 2027 - policy_or_guidance.pdf.pdf.pdf.md,
Review/Unreadable/Review_2008_nicholson_doi 10.1080 15017410701880122.pdf - Review_2008_ - Review_2008_nicholson_doi 10.1080 15017410701880122.pdf - Review_2008_nicholson_doi 10.1080 15017410701880122.pdf.pdf.pdf,.pdf,10.1080/15017410701880122,,converted_ocr/Review/Unreadable/Review_2008_nicholson_doi 10.1080 15017410701880122.pdf - Review_2008_ - Review_2008_nicholson_doi 10.1080 1501741070188__316fb7f40d11.md,
Review/Unreadable/Review_2014_UnknownAuthor_Journal for the Study of Western Esotericism - Review_2014_UnknownAuthor_Journal for the Study of Western Esotericism.pdf - Review_2014_UnknownAuthor_Journal for the Study of Western.pdf,.pdf,10.1163/147783512X614803;10.1163/147783512X614812,,converted_ocr/Review/Unreadable/Review_2014_UnknownAuthor_Journal for the Study of Western Esotericism - Review_2014_UnknownAuthor_Journal for the Study__6a844293fddb.md,
Review/Unreadable/Review_2022_zuboff_The Age of Surveillance Capitalism The Fight for a - Review_2022_zuboff_The Age of Surveillance Capitalism The Fight for a Human Future at the New Frontier of Pow.pdf - Review_2022_zuboff_T.pdf,.pdf,10.1080/23753234.2022.2086891,,converted_ocr/Review/Unreadable/Review_2022_zuboff_The Age of Surveillance Capitalism The Fight for a - Review_2022_zuboff_The Age of Surveillance Capit__f492f6327dd3.md,
